Name,Address,Website,Type,Awards offered,Campus setting,Campus housing,Student population,Undergraduate students,Graduation Rate,Transfer-Out Rate,Cohort Year *,Net Price **,Largest Program,IPEDS ID,OPE ID
Chamberlain University-Illinois,"1221 N. Swift Road, Addison, Illinois 60101",https://www.chamberlain.edu/,"4-year, Private for-profit",Bachelor's degree|Postbaccalaureate certificate|Master's degree|Post-master's certificate|Doctor's degree - professional practice,Suburb: Large,No,28897,12214,50%,10%,Fall 2017,"$25,875 ",-,454227,638500
CALC Institute of Technology,"200A North Center Dr, Alton, Illinois 62002",calc.edu/,"< 2-year, Private for-profit",Less than one year certificate|One but less than two years certificate,Suburb: Small,No,63,63,50%,NA,2020-21,NA,Medical/Clinical Assistant,446084,3914300
Aurora University,"347 S Gladstone Ave, Aurora, Illinois 60506-4892",https://aurora.edu/,"4-year, Private not-for-profit",Bachelor's degree|Master's degree|Post-master's certificate|Doctor's degree - research/scholarship,Suburb: Large,Yes,5935,4098,58%,NA,Fall 2017,"$19,220 ",-,143118,163400
Rasmussen University-Aurora,"2363 Sequoia Drive, Suite 131, Aurora, Illinois 60506-6219",https://www.rasmussen.edu/,"2-year, Private for-profit",Less than one year certificate|One but less than two years certificate|Associate's degree,Suburb: Large,No,,,NA,NA,Fall 2020,NA,-,44867301,869403
Southwestern Illinois College,"2500 Carlyle Ave, Belleville, Illinois 62221-5899",https://www.swic.edu/,"2-year, Public",Less than one year certificate|One but less than two years certificate|Associate's degree,Suburb: Large,No,7955,7955,37%,16%,Fall 2020,"$7,295 ",-,143215,163600
Pivot Point Academy,"144 East Lake Street, Suite C, Bloomingdale, Illinois 60108-0000",www.pivotpoint.edu/,"< 2-year, Private for-profit",Less than one year certificate|One but less than two years certificate,Suburb: Large,No,113,113,81%,NA,2020-21,"$9,806 ","Cosmetology/Cosmetologist, General",373216,1083600
Hairmasters Institute of Cosmetology,"506 S McClun St, Bloomington, Illinois 61701",www.hair-masters.com/,"< 2-year, Private for-profit",One but less than two years certificate,City: Small,No,77,77,83%,NA,2020-21,"$7,880 ","Cosmetology/Cosmetologist, General",367051,
Illinois Wesleyan University,"1312 N Park St, Bloomington, Illinois 61702-2900",www.iwu.edu/,"4-year, Private not-for-profit",Less than one year certificate|Bachelor's degree,City: Small,Yes,1576,1576,83%,1%,Fall 2017,"$31,310 ",-,145646,169600
Olivet Nazarene University,"One University Avenue, Bourbonnais, Illinois 60914-2271",https://www.olivet.edu/,"4-year, Private not-for-profit",Associate's degree|Bachelor's degree|Postbaccalaureate certificate|Master's degree|Post-master's certificate|Doctor's degree - research/scholarship,Suburb: Small,Yes,3275,2569,60%,NA,Fall 2017,"$22,707 ",-,147828,174100
Phipps Academy of Barbering - Bradley,"266 North Kinzie Avenue, Bradley, Illinois 60915-1744", ,"< 2-year, Private for-profit",One but less than two years certificate,Suburb: Small,No,,,NA,NA,2020-21,NA,Barbering/Barber,48839601,4254001
Tricoci University of Beauty Culture-Bridgeview,"7350 W 87th St, Bridgeview, Illinois 60455",www.tricociuniversity.edu/,"< 2-year, Private for-profit",Less than one year certificate|One but less than two years certificate,Suburb: Large,No,438,438,NA,NA,2020-21,"$17,016 ",Aesthetician/Esthetician and Skin Care Specialist,455895,4147200
Networks Barber College,"508 Burnham Ave, Calumet City, Illinois 60409",www.networksbarbercollege.com/,"< 2-year, Private for-profit",One but less than two years certificate,Suburb: Large,No,50,50,67%,NA,2020-21,"$17,567 ",Barbering/Barber,483258,4224400
Trenz Beauty Academy,"695 Wentworth Avenue, Calumet City, Illinois 60409",www.trenzbeautyacademy.com/,"< 2-year, Private for-profit",Less than one year certificate|One but less than two years certificate,Suburb: Large,No,73,73,52%,NA,2020-21,NA,Nail Technician/Specialist and Manicurist,482167,4224500
Graham Hospital School of Nursing,"210 W Walnut St, Canton, Illinois 61520-2497",grahamschoolofnursing.org/,"2-year, Private not-for-profit",Two but less than 4 years certificate,Town: Distant,No,36,36,50%,NA,Fall 2020,"$12,520 ",-,145354,893800
Spoon River College,"23235 North County 22, Canton, Illinois 61520-8622",www.src.edu/,"2-year, Public",Less than one year certificate|One but less than two years certificate|Associate's degree,Rural: Fringe,No,1225,1225,43%,19%,Fall 2020,"$4,520 ",-,148991,164300
Southern Illinois University-Carbondale,"Lincoln Drive, Carbondale, Illinois 62901-4512",https://siu.edu/,"4-year, Public",One but less than two years certificate|Associate's degree|Two but less than 4 years certificate|Bachelor's degree|Postbaccalaureate certificate|Master's degree|Doctor's degree - research/scholarship|Doctor's degree - professional practice,Town: Distant,Yes,11359,8195,56%,NA,Fall 2017,"$16,131 ",-,149222,175800
Blackburn College,"700 College Ave, Carlinville, Illinois 62626",www.blackburn.edu/,"4-year, Private not-for-profit",Two but less than 4 years certificate|Bachelor's degree,Town: Distant,Yes,389,389,52%,NA,Fall 2017,"$21,349 ",-,143288,163900
John A Logan College,"700 Logan College Drive, Carterville, Illinois 62918-2500",https://www.jalc.edu/,"2-year, Public",Less than one year certificate|One but less than two years certificate|Associate's degree,Town: Remote,No,3120,3120,41%,17%,Fall 2020,"$6,079 ",-,146205,807600
Kaskaskia College,"27210 College Rd, Centralia, Illinois 62801",https://www.kaskaskia.edu/,"2-year, Public",Less than one year certificate|One but less than two years certificate|Associate's degree,Rural: Fringe,No,3447,3447,49%,14%,Fall 2020,"$5,905 ",-,146366,170100
Parkland College,"2400 W Bradley Ave, Champaign, Illinois 61821-1899",https://www.parkland.edu/,"2-year, Public",Less than one year certificate|One but less than two years certificate|Associate's degree,City: Small,No,6018,6018,33%,26%,Fall 2020,"$8,179 ",-,147916,711800
University of Illinois Urbana-Champaign,"601 E John Street, Champaign, Illinois 61820-5711",www.illinois.edu/,"4-year, Public",Bachelor's degree|Postbaccalaureate certificate|Master's degree|Post-master's certificate|Doctor's degree - research/scholarship|Doctor's degree - professional practice,City: Small,Yes,56563,35564,85%,NA,Fall 2017,"$14,297 ",-,145637,177500
Eastern Illinois University,"600 Lincoln Avenue, Charleston, Illinois 61920",https://www.eiu.edu/,"4-year, Public",Bachelor's degree|Postbaccalaureate certificate|Master's degree|Post-master's certificate,Town: Remote,Yes,8804,6849,45%,32%,Fall 2017,"$14,621 ",-,144892,167400
Adler University,"17 North Dearborn Street, Chicago, Illinois 60602",https://www.adler.edu/,"4-year, Private not-for-profit",Bachelor's degree|Master's degree|Post-master's certificate|Doctor's degree - research/scholarship|Doctor's degree - professional practice,City: Large,No,1674,9,NA,NA,Fall 2017,NA,-,142832,2068100
American Academy of Art College,"332 S Michigan Ave, Chicago, Illinois 60604-4302",https://www.aaart.edu/,"4-year, Private for-profit",Bachelor's degree,City: Large,No,90,90,45%,15%,Fall 2017,"$32,872 ",-,142887,162800
American Islamic College,"640 W Irving Park RD, Chicago, Illinois 60613",www.aicusa.edu/,"4-year, Private not-for-profit",Bachelor's degree|Master's degree,City: Large,No,14,6,NA,NA,Fall 2017,"$8,750 ",-,142957,
Aveda Institute-Chicago,"2828 N Clark St, Chicago, Illinois 60657",www.douglasj.edu/,"< 2-year, Private for-profit",Less than one year certificate|One but less than two years certificate,City: Large,No,99,99,100%,NA,2020-21,"$31,799 ","Cosmetology/Cosmetologist, General",455877,4141000
Aviation Institute of Maintenance-Chicago,"3711 South Ashland Avenue, Chicago, Illinois 60609-2130",https://aviationmaintenance.edu/campuses/chicago-il,"2-year, Private for-profit",Two but less than 4 years certificate,City: Large,No,221,221,NA,NA,Fall 2020,"$24,350 ",-,497745,4156401
"Bexley Hall Seabury Western Theological Seminary Federation, Inc.","1407 East 60th Street, Chicago, Illinois 60637",www.bexleyseabury.edu/,"4-year, Private not-for-profit",Postbaccalaureate certificate|Master's degree|Doctor's degree,City: Large,No,76,,NA,NA,Fall 2017,NA,-,443702,3747300
Cannella School of Hair Design-Chicago,"4269 S Archer Ave, Chicago, Illinois 60632-2549",cannellaschool.com/,"< 2-year, Private for-profit",One but less than two years certificate,City: Large,No,60,60,53%,NA,2020-21,"$13,301 ","Cosmetology/Cosmetologist, General",143491,2349500
Cannella School of Hair Design-Chicago,"9012 S Commercial, Chicago, Illinois 60617-4303",cannellaschool.com/,"< 2-year, Private for-profit",One but less than two years certificate,City: Large,No,8,8,58%,NA,2020-21,"$11,880 ","Cosmetology/Cosmetologist, General",143482,
Catholic Theological Union at Chicago,"5416 S Cornell Ave, Chicago, Illinois 60615-5698",www.ctu.edu/,"4-year, Private not-for-profit",Postbaccalaureate certificate|Master's degree|Doctor's degree,City: Large,No,198,,NA,NA,Fall 2017,NA,-,143659,923200
Chicago State University,"9501 S. King Drive, Chicago, Illinois 60628-1598",www.csu.edu/,"4-year, Public",Bachelor's degree|Postbaccalaureate certificate|Master's degree|Post-master's certificate|Doctor's degree - research/scholarship|Doctor's degree - professional practice,City: Large,Yes,2324,1495,17%,40%,Fall 2017,"$9,852 ",-,144005,169400
Chicago Theological Seminary,"1407 E. 60th Street, Chicago, Illinois 60637",https://www.ctschicago.edu/,"4-year, Private not-for-profit",Postbaccalaureate certificate|Master's degree|Doctor's degree - research/scholarship|Doctor's degree - professional practice|Doctor's degree - other,City: Large,No,202,,NA,NA,Fall 2017,NA,-,144014,166100
City Colleges of Chicago-Harold Washington College,"30 E Lake St, Chicago, Illinois 60601-2449",www.ccc.edu/colleges/washington/Pages/default.aspx,"2-year, Public",Less than one year certificate|One but less than two years certificate|Associate's degree,City: Large,No,5859,5859,29%,14%,Fall 2020,"$3,555 ",-,144209,165200
City Colleges of Chicago-Harry S Truman College,"1145 W Wilson Ave., Chicago, Illinois 60640-6063",www.ccc.edu/colleges/truman/Pages/default.aspx,"2-year, Public",Less than one year certificate|One but less than two years certificate|Associate's degree,City: Large,No,6185,6185,31%,23%,Fall 2020,"$4,210 ",-,144184,164800
City Colleges of Chicago-Kennedy-King College,"6301 S Halsted St, Chicago, Illinois 60621-2709",www.ccc.edu/colleges/kennedy/pages/default.aspx,"2-year, Public",Less than one year certificate|One but less than two years certificate|Associate's degree,City: Large,No,2780,2780,26%,15%,Fall 2020,"$5,088 ",-,144157,165400
City Colleges of Chicago-Malcolm X College,"1900 W Jackson Blvd, Chicago, Illinois 60612-3197",www.ccc.edu/colleges/malcolm-x/pages/default.aspx,"2-year, Public",Less than one year certificate|One but less than two years certificate|Associate's degree,City: Large,No,8011,8011,14%,17%,Fall 2020,"$4,208 ",-,144166,165000
City Colleges of Chicago-Olive-Harvey College,"10001 S Woodlawn Ave, Chicago, Illinois 60628-1696",www.ccc.edu/colleges/olive-harvey/Pages/default.aspx,"2-year, Public",Less than one year certificate|One but less than two years certificate|Associate's degree,City: Large,No,2747,2747,20%,20%,Fall 2020,"$5,917 ",-,144175,976700
City Colleges of Chicago-Richard J Daley College,"7500 S Pulaski Rd, Chicago, Illinois 60652-1299",ccc.edu/colleges/daley/pages/default.aspx,"2-year, Public",Less than one year certificate|One but less than two years certificate|Associate's degree,City: Large,No,5836,5836,28%,19%,Fall 2020,"$4,097 ",-,144193,164900
City Colleges of Chicago-Wilbur Wright College,"4300 N Narragansett, Chicago, Illinois 60634-1500",ccc.edu/colleges/wright/pages/default.aspx,"2-year, Public",Less than one year certificate|One but less than two years certificate|Associate's degree,City: Large,No,7789,7789,33%,13%,Fall 2020,"$3,771 ",-,144218,165500
Columbia College Chicago,"600 South Michigan Ave, Chicago, Illinois 60605-1996",www.colum.edu/,"4-year, Private not-for-profit",Bachelor's degree|Postbaccalaureate certificate|Master's degree,City: Large,Yes,6529,6344,48%,31%,Fall 2017,"$29,790 ",-,144281,166500
DePaul University,"1 E Jackson Blvd, Chicago, Illinois 60604",https://www.depaul.edu/,"4-year, Private not-for-profit",Less than one year certificate|One but less than two years certificate|Bachelor's degree|Postbaccalaureate certificate|Master's degree|Post-master's certificate|Doctor's degree - research/scholarship|Doctor's degree - professional practice,City: Large,Yes,21348,14374,70%,16%,Fall 2017,"$32,129 ",-,144740,167100
East-West University,"816 S Michigan Ave, Chicago, Illinois 60605",www.eastwest.edu/,"4-year, Private not-for-profit",Associate's degree|Bachelor's degree,City: Large,No,528,528,23%,NA,Fall 2017,"$23,140 ",-,144883,2168600
Erikson Institute,"451 N. LaSalle Street, Chicago, Illinois 60654-4510",https://www.erikson.edu/,"4-year, Private not-for-profit",Postbaccalaureate certificate|Master's degree,City: Large,No,368,,NA,NA,Fall 2017,NA,-,409254,3510300
Generations College,"29 E. Madison, Chicago, Illinois 60602-4405",www.generations.edu/,"2-year, Private not-for-profit",Associate's degree,City: Large,No,317,317,6%,NA,Fall 2020,"$19,164 ",-,146816,171600
HVAC Technical Institute,"4532 South Kolin Avenue, Chicago, Illinois 60632-4457",www.hvac-tech.com/,"< 2-year, Private for-profit",Less than one year certificate,City: Large,No,216,216,72%,NA,2020-21,"$23,216 ","Heating, Air Conditioning, Ventilation and Refrigeration Maintenance Technology/Technician",486345,4232300
Illinois College of Optometry,"3241 S Michigan Ave, Chicago, Illinois 60616-3878",www.ico.edu/,"4-year, Private not-for-profit",Doctor's degree - professional practice,City: Large,Yes,483,,NA,NA,Fall 2017,NA,-,145628,168900
Illinois Institute of Technology,"10 West 35th Street, Chicago, Illinois 60616",https://www.iit.edu/,"4-year, Private not-for-profit",Bachelor's degree|Master's degree|Doctor's degree - research/scholarship|Doctor's degree - professional practice,City: Large,Yes,8563,3316,72%,15%,Fall 2017,"$25,001 ",-,145725,169100
Illinois Media School,"8501 W. Higgins Rd. Suite 450, Chicago, Illinois 60631",beonair.com/locations/ohare-il-campus,"< 2-year, Private for-profit",Less than one year certificate|One but less than two years certificate,City: Large,No,36,36,67%,NA,2020-21,"$27,963 ",Radio and Television,419253,3101800
Illinois Media School-Chicago Campus,"105 W. Adams, Suite 1900, Chicago, Illinois 60602",www.beonair.com/chicago,"< 2-year, Private for-profit",Less than one year certificate|One but less than two years certificate,City: Large,No,48,48,61%,NA,2020-21,"$26,038 ",Radio and Television,460145,3101801
Institute for Clinical Social Work,"1345 W Argyle Street, Chicago, Illinois 60640-1229",www.icsw.edu/,"4-year, Private not-for-profit",Master's degree|Doctor's degree - research/scholarship,City: Large,No,120,,NA,NA,Fall 2017,NA,-,145886,2573700
Larry's Barber College,"10456 S. Halsted Street, Chicago, Illinois 60628-2322",www.larrysbarbercollege.com/,"< 2-year, Private for-profit",One but less than two years certificate,City: Large,No,81,81,67%,NA,2020-21,"$11,692 ",Barbering/Barber,476489,4117600
Larry's Barber College,"701 E 79th St #709, Chicago, Illinois 60619-3101",https://www.larrysbarbercollege.com/,"< 2-year, Private for-profit",One but less than two years certificate,City: Large,No,30,30,80%,NA,2020-21,"$16,813 ",Barbering/Barber,495387,4117604
Loyola University Chicago,"1032 W. Sheridan Rd, Chicago, Illinois 60660",https://www.luc.edu/,"4-year, Private not-for-profit",Less than one year certificate|One but less than two years certificate|Associate's degree|Bachelor's degree|Postbaccalaureate certificate|Master's degree|Post-master's certificate|Doctor's degree - research/scholarship|Doctor's degree - professional practice,City: Large,Yes,17397,12487,77%,16%,Fall 2017,"$37,592 ",-,146719,171000
Lutheran School of Theology at Chicago,"5416 S. Cornell Avenue, Fourth Floor, Chicago, Illinois 60615",www.lstc.edu/,"4-year, Private not-for-profit",Master's degree|Post-master's certificate|Doctor's degree - research/scholarship|Doctor's degree - other,City: Large,Yes,114,,NA,NA,Fall 2017,NA,-,146728,171200
McCormick Theological Seminary,"5416 South Cornell Avenue, 5th Floor, Chicago, Illinois 60615",https://www.mccormick.edu/,"4-year, Private not-for-profit",Postbaccalaureate certificate|Master's degree|Doctor's degree,City: Large,No,133,,NA,NA,Fall 2017,NA,-,146977,172100
MDT College of Health Sciences,"25 East Washington, #200, Chicago, Illinois 60602",www.atsinstitute.edu/,"< 2-year, Private for-profit",One but less than two years certificate,City: Large,No,335,335,86%,NA,2020-21,"$27,375 ",-,439455,3468500
Meadville Theological School of Lombard College,"180 N. Wabash Avenue, Chicago, Illinois 60601",www.meadville.edu/,"4-year, Private not-for-profit",Postbaccalaureate certificate|Master's degree|Doctor's degree,City: Large,No,69,,NA,NA,Fall 2017,NA,-,147031,172300
Midwestern Career College,"203 N LaSalle, Chicago, Illinois 60601",https://www.mccollege.edu/,"2-year, Private for-profit",Less than one year certificate|One but less than two years certificate|Associate's degree,City: Large,No,824,824,63%,NA,Fall 2020,"$12,846 ",Medical/Clinical Assistant,457536,4139000
Moody Bible Institute,"820 N LaSalle Blvd, Chicago, Illinois 60610-3284",https://www.moody.edu/,"4-year, Private not-for-profit",Less than one year certificate|Associate's degree|Bachelor's degree|Postbaccalaureate certificate|Master's degree|Doctor's degree - research/scholarship,City: Large,Yes,2216,1624,62%,NA,Fall 2017,"$23,950 ",-,147369,172700
National Latino Education Institute,"2011 W Pershing Rd, Chicago, Illinois 60609-2205",www.nlei.org/,"< 2-year, Private not-for-profit",One but less than two years certificate,City: Large,No,2,2,NA,NA,2020-21,"$19,661 ",Medical/Clinical Assistant,148955,3128500
National Louis University,"122 S Michigan Ave, Chicago, Illinois 60603",www.nl.edu/,"4-year, Private not-for-profit",Less than one year certificate|Associate's degree|Bachelor's degree|Postbaccalaureate certificate|Master's degree|Post-master's certificate|Doctor's degree - research/scholarship|Doctor's degree - professional practice,City: Large,No,8270,4239,37%,9%,Fall 2017,"$15,724 ",-,147536,173300
Networks Barber College,"325 West 103rd Street, Chicago, Illinois 60628-2503", ,"< 2-year, Private for-profit",One but less than two years certificate,City: Large,No,,,NA,NA,2020-21,NA,Barbering/Barber,48325801,4224401
North Park University,"3225 W Foster Ave, Chicago, Illinois 60625-4895",www.northpark.edu/,"4-year, Private not-for-profit",Bachelor's degree|Master's degree|Post-master's certificate|Doctor's degree - professional practice|Doctor's degree - other,City: Large,Yes,2624,1876,56%,NA,Fall 2017,"$19,910 ",-,147679,173500
Northeastern Illinois University,"5500 N Saint Louis Ave, Chicago, Illinois 60625-4699",www.neiu.edu/,"4-year, Public",Bachelor's degree|Master's degree,City: Large,Yes,5504,4042,17%,NA,Fall 2017,"$14,669 ",-,147776,169300
Pacific College of Health and Science,"65 East Wacker Place, 21st fl, Chicago, Illinois 60601",www.pacificcollege.edu/,"4-year, primarily associate's, Private for-profit",One but less than two years certificate|Associate's degree|Master's degree|Post-master's certificate|Doctor's degree - professional practice,City: Large,No,279,94,68%,NA,Fall 2017,NA,-,442842,3027702
Paul Mitchell the School-Chicago,"1225 S Halsted St, Chicago, Illinois 60607",paulmitchell.edu/chicago,"< 2-year, Private for-profit",Less than one year certificate|One but less than two years certificate,City: Large,No,145,145,47%,NA,2020-21,"$15,308 ","Cosmetology/Cosmetologist, General",458274,3490300
Relay Graduate School of Education - Chicago,"924 W 19th Place, Suite 200, Chicago, Illinois 60608",relay.edu/location/relay-chicago,"4-year, Private not-for-profit",Master's degree,City: Large,,,,NA,NA,Fall 2017,NA,-,47503306,4208604
Roosevelt University,"430 S Michigan Ave, Chicago, Illinois 60605-1394",www.roosevelt.edu/,"4-year, Private not-for-profit",Associate's degree|Bachelor's degree|Postbaccalaureate certificate|Master's degree|Doctor's degree - research/scholarship|Doctor's degree - professional practice,City: Large,Yes,4015,2605,41%,28%,Fall 2017,"$21,503 ",-,148487,174900
Rush University,"600 S. Paulina St. STE 440, Chicago, Illinois 60612",www.rushu.rush.edu/,"4-year, Private not-for-profit",Bachelor's degree|Postbaccalaureate certificate|Master's degree|Post-master's certificate|Doctor's degree - research/scholarship|Doctor's degree - professional practice,City: Large,No,2782,120,NA,NA,Fall 2017,NA,-,148511,980000
SAE Institute of Technology-Chicago,"820 N. Orleans Street,  Suite 125, Chicago, Illinois 60610-3132",chicago.sae.edu/,"2-year, Private for-profit",One but less than two years certificate|Associate's degree,City: Large,No,,,NA,NA,Fall 2020,NA,-,44652504,3830301
Saint Xavier University,"3700 W 103rd St, Chicago, Illinois 60655",https://www.sxu.edu/,"4-year, Private not-for-profit",Bachelor's degree|Postbaccalaureate certificate|Master's degree|Post-master's certificate,City: Large,Yes,3457,3039,59%,28%,Fall 2017,"$11,943 ",-,148627,176800
School of the Art Institute of Chicago,"36 S Wabash, Chicago, Illinois 60603",www.saic.edu/,"4-year, Private not-for-profit",Bachelor's degree|Postbaccalaureate certificate|Master's degree,City: Large,Yes,3401,2762,64%,23%,Fall 2017,"$55,485 ",-,143048,175300
Soma Institute-The National School of Clinical Massage Therapy,"55 E. Jackson Boulevard - Ste 300, Chicago, Illinois 60604-4110",www.soma.edu/,"< 2-year, Private for-profit",Less than one year certificate,City: Large,No,253,253,NA,NA,2020-21,NA,Massage Therapy/Therapeutic Massage,445957,3891300
Spertus College,"610 S Michigan Ave, Chicago, Illinois 60605",www.spertus.edu/,"4-year, Private not-for-profit",Master's degree|Doctor's degree - research/scholarship,City: Large,No,97,,NA,NA,Fall 2017,NA,-,148982,166300
St. Augustine College,"1345 W. Argyle St., Chicago, Illinois 60640-3501",www.staugustine.edu/,"4-year, primarily associate's, Private not-for-profit",Associate's degree|Bachelor's degree,City: Large,No,774,774,28%,NA,Fall 2017,"$17,008 ",-,148876,2185400
Stellar Career College,"205 W. Randolph Street, Suite 200, Chicago, Illinois 60606-0000",https://stellarcollege.edu/,"< 2-year, Private for-profit",Less than one year certificate|One but less than two years certificate,City: Large,No,78,78,NA,NA,2020-21,"$21,507 ",Diagnostic Medical Sonography/Sonographer and Ultrasound Technician,498553,3759301
Steven Papageorge Hair Academy,"3401 w Lawrence, Chicago, Illinois 60625",stevenpapageorgehairacademy.com/,"< 2-year, Private for-profit",One but less than two years certificate,City: Large,No,68,68,70%,NA,2020-21,"$12,534 ","Cosmetology/Cosmetologist, General",146807,2228100
Taylor Business Institute,"180 North Wabash Avenue, Fifth Floor, Chicago, Illinois 60601",www.tbiil.edu/,"2-year, Private for-profit",Associate's degree,City: Large,No,172,172,68%,NA,Fall 2020,"$14,735 ",-,149310,1181000
Telshe Yeshiva-Chicago,"3535 West Foster, Chicago, Illinois 60625",https://telsheyeshivachicago.com/,"4-year, Private not-for-profit",Bachelor's degree|Master's degree,City: Large,Yes,88,78,8%,92%,Fall 2017,"$8,085 ",-,149329,2073200
The Chicago School at Chicago,"325 N Wells Street, Chicago, Illinois 60654",https://www.thechicagoschool.edu/in-the-community/locations/,"4-year, Private not-for-profit",Bachelor's degree|Master's degree|Post-master's certificate|Doctor's degree - research/scholarship|Doctor's degree - professional practice,City: Large,No,1243,31,NA,NA,Fall 2017,NA,-,143978,2155307
Toyota Technological Institute at Chicago,"6045 S. Kenwood Avenue, Chicago, Illinois 60637",www.ttic.edu/,"4-year, Private not-for-profit",Doctor's degree - research/scholarship,City: Large,No,38,,NA,NA,Fall 2017,NA,-,445054,4169500
Tricoci University of Beauty Culture-Chicago NE,"6458 North Sheridan Road, Chicago, Illinois 60626-5232",www.tricociuniversity.edu/,"< 2-year, Private for-profit",Less than one year certificate|One but less than two years certificate,City: Large,No,135,135,35%,NA,2020-21,"$17,992 ",Aesthetician/Esthetician and Skin Care Specialist,470393,4147301
Tricoci University of Beauty Culture-Chicago NW,"5321 N Harlem Ave, Chicago, Illinois 60656",www.tricociuniversity.edu/,"< 2-year, Private for-profit",Less than one year certificate|One but less than two years certificate,City: Large,No,206,206,NA,NA,2020-21,"$17,753 ",Aesthetician/Esthetician and Skin Care Specialist,454971,4137500
Triton College - Intl Union of Operating Engr Local 399 Trning Fac.,"2260 South Grove Street, Chicago, Illinois 60616-1823",www.triton.edu/,"2-year, Public",One but less than two years certificate|Associate's degree,City: Large,No,,,NA,NA,Fall 2020,NA,-,14953201,177302
University of Aesthetics & Cosmetology,"1357 N Milwaukee Ave, Chicago, Illinois 60622-2151",https://www.uac.edu/,"< 2-year, Private for-profit",Less than one year certificate,City: Large,No,62,62,76%,NA,2020-21,"$15,550 ",Aesthetician/Esthetician and Skin Care Specialist,454953,4136900
University of Chicago,"5801 S Ellis Ave, Chicago, Illinois 60637",www.uchicago.edu/,"4-year, Private not-for-profit",Bachelor's degree|Postbaccalaureate certificate|Master's degree|Post-master's certificate|Doctor's degree - research/scholarship|Doctor's degree - professional practice,City: Large,Yes,18339,7643,95%,2%,Fall 2017,"$27,979 ",-,144050,177400
University of Illinois Chicago,"601 S Morgan, Chicago, Illinois 60607",www.uic.edu/,"4-year, Public",One but less than two years certificate|Bachelor's degree|Postbaccalaureate certificate|Master's degree|Post-master's certificate|Doctor's degree - research/scholarship|Doctor's degree - professional practice,City: Large,Yes,33522,22107,60%,NA,Fall 2017,"$11,499 ",-,145600,177600
University of Notre Dame -,"224 South Michigan Avenue, Chicago, Illinois 60604-2535",www.nd.edu/,"4-year, Private not-for-profit",Master's degree,City: Large,,,,NA,NA,Fall 2017,NA,-,15208001,184001
VanderCook College of Music,"3140 South Federal Street, Chicago, Illinois 60616-3731",https://www.vandercook.edu/,"4-year, Private not-for-profit",Two but less than 4 years certificate|Bachelor's degree|Master's degree,City: Large,No,340,99,47%,NA,Fall 2017,"$16,601 ",-,149639,177800
Prairie State College,"202 South Halsted Street, Chicago Heights, Illinois 60411-8226",prairiestate.edu/,"2-year, Public",Less than one year certificate|One but less than two years certificate|Associate's degree,Suburb: Large,No,3045,3045,19%,24%,Fall 2020,"$5,564 ",-,148007,164000
Bell Mar Beauty College,"5717  W. Cermak Road, Cicero, Illinois 60804",www.bellmar.edu/,"< 2-year, Private for-profit",Less than one year certificate|One but less than two years certificate,Suburb: Large,No,45,45,67%,NA,2020-21,"$7,188 ","Cosmetology/Cosmetologist, General",364760,2536700
Morton College,"3801 S Central Ave, Cicero, Illinois 60804-4398",www.morton.edu/,"2-year, Public",Less than one year certificate|One but less than two years certificate|Associate's degree,Suburb: Large,No,3653,3653,28%,15%,Fall 2020,"$7,037 ",-,147411,172800
Columbia College - Crystal Lake Campus,"446 North Route 31, Crystal Lake, Illinois 60012-3709",https://www.ccis.edu/locations/crystal-lake,"4-year, Private not-for-profit",Bachelor's degree,Suburb: Large,No,,,NA,NA,Fall 2017,NA,-,17706506,245609
Cosmetology & Spa Academy,"700 E. Terra Cotta, Crystal Lake, Illinois 60014",www.cosmetologyandspaacademy.edu/,"< 2-year, Private for-profit",Less than one year certificate|One but less than two years certificate,Suburb: Large,No,377,377,60%,NA,2020-21,"$12,488 ","Cosmetology/Cosmetologist, General",144795,2150600
"First Institute of Travel, Inc.","790 McHenry Avenue, Crystal Lake, Illinois 60014",www.firstinstitute.edu/,"< 2-year, Private for-profit",Less than one year certificate,Suburb: Large,No,274,274,77%,NA,2020-21,"$19,741 ",Medical/Clinical Assistant,145099,2584900
McHenry County College,"8900 US Hwy 14, Crystal Lake, Illinois 60012-2761",www.mchenry.edu/,"2-year, Public",Less than one year certificate|One but less than two years certificate|Associate's degree,Rural: Fringe,No,9051,9051,39%,18%,Fall 2020,"$7,569 ",-,147004,769100
Danville Area Community College,"2000 E Main St, Danville, Illinois 61832-5118",www.dacc.edu/,"2-year, Public",Less than one year certificate|One but less than two years certificate|Associate's degree,Town: Distant,No,2149,2149,38%,16%,Fall 2020,"$4,323 ",-,144564,166900
Lakeview College of Nursing,"903 N Logan Ave, Danville, Illinois 61832",https://lcn.edu/,"4-year, Private not-for-profit",Bachelor's degree,Town: Distant,No,81,81,NA,NA,Fall 2017,NA,-,146533,1050100
Millikin University,"1184 W Main St, Decatur, Illinois 62522-2084",https://millikin.edu/,"4-year, Private not-for-profit",Less than one year certificate|Bachelor's degree|Postbaccalaureate certificate|Master's degree|Doctor's degree - professional practice,City: Small,Yes,1659,1570,59%,NA,Fall 2017,"$10,078 ",-,147244,172400
Reflections Academy of Beauty,"3122 Brettwood Cir, Decatur, Illinois 62526",www.reflectionsacademyofbeauty.com/,"< 2-year, Private for-profit",Less than one year certificate|One but less than two years certificate,City: Small,No,29,29,52%,NA,2020-21,"$17,855 ","Cosmetology/Cosmetologist, General",475653,4189400
Richland Community College,"One College Park, Decatur, Illinois 62521-8513",https://www.richland.edu/,"2-year, Public",Less than one year certificate|One but less than two years certificate|Associate's degree,City: Small,No,2214,2214,47%,20%,Fall 2020,"$6,203 ",-,148292,1087900
Trinity International University-Illinois,"2065 Half Day Rd, Deerfield, Illinois 60015-1283",https://www.tiu.edu/,"4-year, Private not-for-profit",Bachelor's degree|Postbaccalaureate certificate|Master's degree|Post-master's certificate|Doctor's degree - research/scholarship,Suburb: Large,Yes,852,140,46%,38%,Fall 2017,"$21,260 ",-,149514,177200
Debutantes School of Cosmetology and Nail Technology,"145 N. 3rd Street, Dekalb, Illinois 60115-3301",www.debschool.com/,"< 2-year, Private for-profit",Less than one year certificate|One but less than two years certificate,Suburb: Small,No,65,65,47%,NA,2020-21,"$10,995 ","Cosmetology/Cosmetologist, General",484084,4229900
Northern Illinois University,"1425 W. Lincoln Hwy., Dekalb, Illinois 60115-2828",www.niu.edu/,"4-year, Public",Bachelor's degree|Master's degree|Post-master's certificate|Doctor's degree - research/scholarship|Doctor's degree - professional practice,Suburb: Small,Yes,15504,11358,50%,NA,Fall 2017,"$13,533 ",-,147703,173700
Oakton College,"1600 E Golf Rd., Des Plaines, Illinois 60016-1268",www.oakton.edu/,"2-year, Public",Less than one year certificate|One but less than two years certificate|Associate's degree,City: Small,No,7032,7032,31%,29%,Fall 2020,"$8,161 ",-,147800,989600
Sauk Valley Community College,"173 Illinois Rt 2, Dixon, Illinois 61021-9112",www.svcc.edu/,"2-year, Public",Less than one year certificate|One but less than two years certificate|Associate's degree,Rural: Fringe,No,1433,1433,51%,20%,Fall 2020,"$8,793 ",-,148672,175200
Midwestern University-Downers Grove,"555 31st Street, Downers Grove, Illinois 60515-5514",https://www.midwestern.edu/,"4-year, Private not-for-profit",Postbaccalaureate certificate|Master's degree|Doctor's degree - professional practice|Doctor's degree - other,City: Small,Yes,2671,,NA,NA,Fall 2017,NA,-,143853,165700
The University of Aesthetics & Cosmetology,"1037-1043 Curtiss St., Downers Grove, Illinois 60515",https://www.uofac.edu/,"< 2-year, Private for-profit",Less than one year certificate|One but less than two years certificate,City: Small,No,60,60,72%,NA,2020-21,"$15,151 ",Aesthetician/Esthetician and Skin Care Specialist,454962,4137000
Universal Spa Training Academy,"340 Burlington Ave, Downers Grove, Illinois 60515",www.spatrainingacademy.edu/,"< 2-year, Private for-profit",Less than one year certificate,City: Small,No,144,144,93%,NA,2020-21,"$19,469 ",Aesthetician/Esthetician and Skin Care Specialist,459374,4175000
Illinois Central College,"1 College Drive, East Peoria, Illinois 61635-0001",icc.edu/,"2-year, Public",Less than one year certificate|One but less than two years certificate|Associate's degree,Suburb: Large,No,7578,7578,40%,20%,Fall 2020,"$11,546 ",-,145682,675300
Oehrlein School of Cosmetology,"100 Meadow Avenue, East Peoria, Illinois 61611",oehrleinschool.com/,"< 2-year, Private for-profit",One but less than two years certificate,Suburb: Large,No,67,67,85%,NA,2020-21,"$5,983 ","Cosmetology/Cosmetologist, General",147819,2297500
Southern Illinois University-Edwardsville,"Il State Rte 157, Edwardsville, Illinois 62026-1259",www.siue.edu/,"4-year, Public",Bachelor's degree|Postbaccalaureate certificate|Master's degree|Post-master's certificate|Doctor's degree - research/scholarship|Doctor's degree - professional practice|Doctor's degree - other,Suburb: Large,Yes,12045,8975,55%,28%,Fall 2017,"$15,182 ",-,149231,175900
Columbia College - Elgin,"1700 Spartan Drive, E 205, Elgin, Illinois 60123-7193",https://www.ccis.edu/locations/elgin,"4-year, Private not-for-profit",Bachelor's degree,City: Midsize,No,,,NA,NA,Fall 2017,NA,-,17706525,245640
Elgin Community College,"1700 Spartan Drive, Elgin, Illinois 60123-7193",www.elgin.edu/,"2-year, Public",Less than one year certificate|One but less than two years certificate|Associate's degree,City: Midsize,No,9614,9614,41%,19%,Fall 2020,"$4,987 ",-,144944,167500
Judson University,"1151 N State St, Elgin, Illinois 60123-1498",www.judsonu.edu/,"4-year, Private not-for-profit",Less than one year certificate|One but less than two years certificate|Associate's degree|Bachelor's degree|Postbaccalaureate certificate|Master's degree|Doctor's degree - research/scholarship,City: Midsize,Yes,1058,793,53%,30%,Fall 2017,"$21,331 ",-,146339,170000
Tricoci University of Beauty Culture-Elgin,"264 South Randall Road, Elgin, Illinois 60123-9412",www.tricociuniversity.edu/,"< 2-year, Private for-profit",Less than one year certificate|One but less than two years certificate,City: Midsize,No,154,154,57%,NA,2020-21,"$17,527 ",Aesthetician/Esthetician and Skin Care Specialist,487533,4147101
Elmhurst University,"190 Prospect Ave, Elmhurst, Illinois 60126-3296",www.elmhurst.edu/,"4-year, Private not-for-profit",Less than one year certificate|Bachelor's degree|Postbaccalaureate certificate|Master's degree|Doctor's degree - professional practice,Suburb: Large,Yes,3906,3138,65%,24%,Fall 2017,"$22,760 ",-,144962,167600
Principia College,"1 Maybeck Place, Elsah, Illinois 62028-9799",www.principiacollege.edu/,"4-year, Private not-for-profit",Bachelor's degree,Rural: Fringe,Yes,338,338,76%,NA,Fall 2017,"$14,904 ",-,148016,174400
Eureka College,"300 E. College Avenue, Eureka, Illinois 61530",www.eureka.edu/,"4-year, Private not-for-profit",Bachelor's degree,Town: Fringe,Yes,527,527,41%,42%,Fall 2017,"$20,215 ",-,144971,167800
Garrett-Evangelical Theological Seminary,"2121 Sheridan Road, Evanston, Illinois 60201-3298",www.garrett.edu/,"4-year, Private not-for-profit",Postbaccalaureate certificate|Master's degree|Doctor's degree - research/scholarship|Doctor's degree - other,City: Small,Yes,299,,NA,NA,Fall 2017,NA,-,145275,168200
NorthShore University HealthSystem School of Nurse Anesthesia,"2650 Ridge Ave, Rm G603C, Evanston, Illinois 60201-1718",www.northshore.org/academics/other-programs/school-of-nurse-anesthesia/,"4-year, Private not-for-profit",Postbaccalaureate certificate,City: Small,No,75,,NA,NA,Fall 2017,NA,-,443030,
Northwestern University,"633 Clark St, Evanston, Illinois 60208",www.northwestern.edu/,"4-year, Private not-for-profit",One but less than two years certificate|Bachelor's degree|Postbaccalaureate certificate|Master's degree|Post-master's certificate|Doctor's degree - research/scholarship|Doctor's degree - professional practice,City: Small,Yes,23203,9157,96%,NA,Fall 2017,"$23,341 ",-,147767,173900
Zen Shiatsu Chicago,"818 Lake Street, Evanston, Illinois 60201-4317",www.zenshiatsuchicago.org/,"< 2-year, Private for-profit",Less than one year certificate,City: Small,No,95,95,NA,NA,2020-21,NA,Massage Therapy/Therapeutic Massage,496520,4295500
Frontier Community College,"2 Frontier Drive, Fairfield, Illinois 62837",https://www.iecc.edu/fcc,"2-year, Public",Less than one year certificate|One but less than two years certificate|Associate's degree,Town: Remote,No,2364,2364,53%,37%,Fall 2020,"$11,350 ",-,403469,174225
Columbia College - Freeport,"2998 West Pearl City Road, Freeport, Illinois 61032-9341",https://www.ccis.edu/locations/freeport,"4-year, Private not-for-profit",Bachelor's degree,Rural: Fringe,No,,,NA,NA,Fall 2017,NA,-,17706516,245623
Highland Community College,"2998 W Pearl City Rd, Freeport, Illinois 61032-9341",www.highland.edu/,"2-year, Public",Less than one year certificate|One but less than two years certificate|Associate's degree,Rural: Fringe,No,1369,1369,46%,17%,Fall 2020,"$5,542 ",-,145521,168100
Carl Sandburg College,"2400 Tom L. Wilson Boulevard, Galesburg, Illinois 61401",www.sandburg.edu/,"2-year, Public",Less than one year certificate|One but less than two years certificate|Associate's degree,Town: Distant,No,1688,1688,37%,17%,Fall 2020,"$2,754 ",-,143613,726500
Knox College,"2 E South St, Galesburg, Illinois 61401",https://www.knox.edu/,"4-year, Private not-for-profit",Bachelor's degree,Town: Distant,Yes,1001,1001,68%,24%,Fall 2017,"$25,524 ",-,146427,170400
College of DuPage,"425 Fawell Blvd., Glen Ellyn, Illinois 60137-6599",www.cod.edu/,"2-year, Public",Less than one year certificate|One but less than two years certificate|Associate's degree,Suburb: Large,No,23216,23216,24%,30%,Fall 2020,"$5,397 ",-,144865,665600
Tricoci University of Beauty Culture-Glendale Heights,"530 E North Ave, Glendale Heights, Illinois 60139",www.tricociuniversity.edu/,"< 2-year, Private for-profit",Less than one year certificate|One but less than two years certificate,Suburb: Large,No,148,148,50%,NA,2020-21,"$16,274 ",Aesthetician/Esthetician and Skin Care Specialist,454980,4147300
Lewis and Clark Community College,"5800 Godfrey Rd, Godfrey, Illinois 62035",www.lc.edu/,"2-year, Public",Less than one year certificate|One but less than two years certificate|Associate's degree,Suburb: Small,No,4196,4196,48%,18%,Fall 2020,"$3,255 ",-,146603,1002000
College of Lake County,"19351 W Washington St., Grayslake, Illinois 60030-1198",www.clcillinois.edu/,"2-year, Public",Less than one year certificate|One but less than two years certificate|Associate's degree,Suburb: Large,No,12290,12290,38%,19%,Fall 2020,"$4,785 ",-,146472,769400
Greenville University,"315 E. College Ave., Greenville, Illinois 62246",www.greenville.edu/,"4-year, Private not-for-profit",Bachelor's degree|Master's degree,Town: Distant,Yes,1053,905,51%,NA,Fall 2017,"$21,442 ",-,145372,168400
Columbia College - Lake County,"1225 Tri-State Parkway, Suite 560, Gurnee, Illinois 60031-9184",https://www.ccis.edu/locations/lake-county,"4-year, Private not-for-profit",Associate's degree|Bachelor's degree,Suburb: Large,No,,,NA,NA,Fall 2017,NA,-,17706514,245620
State Career College,"3575 Grand Avenue Suite C - 1,2,3, Gurnee, Illinois 60061",www.statecareercollege.edu/,"< 2-year, Private for-profit",Less than one year certificate|One but less than two years certificate,Suburb: Large,No,140,140,58%,NA,2020-21,"$18,638 ",Medical/Clinical Assistant,462053,4189600
Southeastern Illinois College,"3575 College Road, Harrisburg, Illinois 62946",www.sic.edu/,"2-year, Public",Less than one year certificate|One but less than two years certificate|Associate's degree,Rural: Distant,No,1392,1392,51%,16%,Fall 2020,"$8,271 ",-,148937,175700
Ms Roberts Academy of Beauty Culture,"552 North Mannheim Road, Hillside, Illinois 60162-1121",www.msroberts-academy.com/,"< 2-year, Private for-profit",Less than one year certificate|One but less than two years certificate,Suburb: Large,No,57,57,56%,NA,2020-21,"$9,052 ","Cosmetology/Cosmetologist, General",249061,793700
Ambria College of Nursing,"5210 Trillium Blvd, Hoffman Estates, Illinois 60192",ambria.edu/,"4-year, primarily associate's, Private for-profit",One but less than two years certificate|Associate's degree|Bachelor's degree,Suburb: Large,No,195,195,NA,NA,Fall 2017,NA,Registered Nursing/Registered Nurse,457527,4124700
Rend Lake College,"468 N Ken Gray Pkwy, Ina, Illinois 62846",www.rlc.edu/,"2-year, Public",Less than one year certificate|One but less than two years certificate|Associate's degree,Rural: Distant,No,1871,1871,60%,12%,Fall 2020,"$8,518 ",-,148256,711900
Illinois College,"1101 West College Ave, Jacksonville, Illinois 62650-2299",www.ic.edu/,"4-year, Private not-for-profit",Bachelor's degree|Master's degree,Town: Distant,Yes,958,956,61%,NA,Fall 2017,"$17,255 ",-,145691,168800
Joliet Junior College,"1215 Houbolt Rd, Joliet, Illinois 60431-8938",www.jjc.edu/,"2-year, Public",Less than one year certificate|One but less than two years certificate|Associate's degree,Suburb: Large,No,9863,9863,21%,28%,Fall 2020,"$4,905 ",-,146296,169900
Larry's Barber College-Joliet,"929 West Jefferson Street, Joliet, Illinois 60435-7352",https://www.larrysbarbercollege.com/,"< 2-year, Private for-profit",One but less than two years certificate,Suburb: Large,No,22,22,NA,NA,2020-21,"$16,362 ",Barbering/Barber,496964,4117605
Professional's Choice Hair Design Academy,"2719 W Jefferson St, Joliet, Illinois 60435",www.pchairdesign.com/,"< 2-year, Private for-profit",One but less than two years certificate,Suburb: Large,No,58,58,92%,NA,2020-21,"$13,941 ","Cosmetology and Related Personal Grooming Arts, Other",148098,2323300
University of St Francis,"500 N Wilcox St, Joliet, Illinois 60435-6188",https://www.stfrancis.edu/,"4-year, Private not-for-profit",Less than one year certificate|Bachelor's degree|Postbaccalaureate certificate|Master's degree|Post-master's certificate|Doctor's degree - research/scholarship|Doctor's degree - other,Suburb: Large,Yes,3185,1306,65%,NA,Fall 2017,"$16,455 ",-,148584,166400
Kankakee Community College,"100 College Drive, Kankakee, Illinois 60901",https://www.kcc.edu/,"2-year, Public",Less than one year certificate|One but less than two years certificate|Associate's degree,City: Small,No,2404,2404,38%,16%,Fall 2020,"$5,642 ",-,146348,769000
Lake Forest College,"555 N Sheridan Road, Lake Forest, Illinois 60045-2338",www.lakeforest.edu/,"4-year, Private not-for-profit",Bachelor's degree|Master's degree,Suburb: Large,Yes,1818,1796,70%,23%,Fall 2017,"$29,894 ",-,146481,170600
Lake Forest Graduate School of Management,"1905 W. Field Court, Lake Forest, Illinois 60045",https://lfgsm.edu/,"4-year, Private not-for-profit",Postbaccalaureate certificate|Master's degree,Suburb: Large,No,275,,NA,NA,Fall 2017,NA,-,146490,2319200
McKendree University,"701 College Rd, Lebanon, Illinois 62254-1291",https://www.mckendree.edu/,"4-year, Private not-for-profit",Associate's degree|Bachelor's degree|Postbaccalaureate certificate|Master's degree|Post-master's certificate|Doctor's degree - research/scholarship,Suburb: Large,Yes,2075,1605,60%,NA,Fall 2017,"$25,200 ",-,147013,172200
Tricoci University of Beauty Culture-Libertyville,"751 E Park Ave, Libertyville, Illinois 60048",www.tricociuniversity.edu/,"< 2-year, Private for-profit",Less than one year certificate|One but less than two years certificate,Suburb: Large,No,193,193,50%,NA,2020-21,"$17,694 ",Aesthetician/Esthetician and Skin Care Specialist,455886,4147100
Lincoln Christian University,"100 Campus View Drive, Lincoln, Illinois 62656-2111",www.lincolnchristian.edu/,"4-year, Private not-for-profit",Associate's degree|Bachelor's degree|Master's degree|Doctor's degree - professional practice,Town: Distant,No,185,45,58%,NA,Fall 2017,"$19,640 ",-,146667,170800
Benedictine University,"5700 College Rd, Lisle, Illinois 60532-0900",https://ben.edu/,"4-year, Private not-for-profit",Less than one year certificate|Associate's degree|Bachelor's degree|Postbaccalaureate certificate|Master's degree|Doctor's degree - research/scholarship,Suburb: Large,Yes,2989,1842,51%,1%,Fall 2017,"$24,570 ",-,145619,176700
DeVry University-Illinois,"4225 Naperville Rd, Suite 400, Lisle, Illinois 60532",https://www.devry.edu/,"4-year, primarily associate's, Private for-profit",Less than one year certificate|One but less than two years certificate|Associate's degree|Bachelor's degree|Postbaccalaureate certificate|Master's degree,Suburb: Large,No,29346,26146,37%,13%,Fall 2017,"$31,063 ",-,482477,1072700
Northern Baptist Theological Seminary,"410 Warrenville Road, Suite 300, Lisle, Illinois 60532-1348",www.seminary.edu/,"4-year, Private not-for-profit",Master's degree|Post-master's certificate|Doctor's degree - research/scholarship,Suburb: Large,No,6,,NA,NA,Fall 2017,NA,-,147697,173600
Universal Technical Institute of Illinois Inc,"2611 Corporate West Drive, Lisle, Illinois 60532-0000",www.uti.edu/,"2-year, Private for-profit",Less than one year certificate|One but less than two years certificate|Two but less than 4 years certificate,Suburb: Large,No,1230,1230,59%,NA,Fall 2020,"$23,756 ",Automobile/Automotive Mechanics Technology/Technician,366191,822101
National University of Health Sciences,"200 E Roosevelt Rd, Lombard, Illinois 60148-4583",https://www.nuhs.edu/,"4-year, Private not-for-profit",Bachelor's degree|Master's degree|Doctor's degree - professional practice,Suburb: Large,Yes,513,28,NA,NA,Fall 2017,NA,-,147590,173200
Paul Mitchell the School-Lombard,"106 Yorktown Shopping Center, Lombard, Illinois 60148",paulmitchell.edu/lombard,"< 2-year, Private for-profit",Less than one year certificate|One but less than two years certificate,Suburb: Large,No,73,73,46%,NA,2020-21,"$17,368 ","Cosmetology/Cosmetologist, General",483328,3490302
Western Illinois University,"1 University Circle, Macomb, Illinois 61455",www.wiu.edu/,"4-year, Public",Bachelor's degree|Postbaccalaureate certificate|Master's degree|Doctor's degree - research/scholarship,Town: Remote,Yes,7073,5025,45%,32%,Fall 2017,"$12,168 ",-,149772,178000
Kishwaukee College,"21193 Malta Rd, Malta, Illinois 60150-9699",www.kish.edu/,"2-year, Public",Less than one year certificate|One but less than two years certificate|Associate's degree,Rural: Fringe,No,2807,2807,38%,16%,Fall 2020,"$7,477 ",-,146418,768400
CAAN Academy of Nursing,"4747 Lincoln Mall Dr. - Suite 420, Matteson, Illinois 60443-3821",caanacademy.org/,"2-year, Private not-for-profit",One but less than two years certificate|Associate's degree,Suburb: Large,No,90,90,100%,NA,Fall 2020,NA,"Practical Nursing, Vocational Nursing and Nursing Assistants, Other",487968,4242800
Lake Land College,"5001 Lake Land Blvd, Mattoon, Illinois 61938",www.lakelandcollege.edu/,"2-year, Public",Less than one year certificate|One but less than two years certificate|Associate's degree,Rural: Fringe,No,3699,3699,54%,15%,Fall 2020,"$5,155 ",-,146506,764400
Lincoln College of Technology-Melrose Park,"8317 W North Avenue, Melrose Park, Illinois 60160-1605",www.lincolntech.edu/campus/melrose-park-il,"2-year, Private for-profit",Less than one year certificate|One but less than two years certificate|Associate's degree,Suburb: Large,No,1345,1345,65%,NA,Fall 2020,"$24,326 ",Electrician,146700,730307
Rasmussen University-Mokena/Tinley Park,"8650 West Spring Lake Road, Mokena, Illinois 60448-6219",https://www.rasmussen.edu/,"2-year, Private for-profit",Less than one year certificate|Associate's degree,Suburb: Large,No,,,NA,NA,Fall 2020,NA,-,44867303,869418
Black Hawk College,"6600-34th Avenue, Moline, Illinois 61265-5899",www.bhc.edu/,"2-year, Public",Less than one year certificate|One but less than two years certificate|Associate's degree,City: Small,No,3853,3853,43%,18%,Fall 2020,"$4,481 ",-,143279,163800
Monmouth College,"700 E Broadway, Monmouth, Illinois 61462-1998",www.monmouthcollege.edu/,"4-year, Private not-for-profit",Bachelor's degree,Town: Distant,Yes,727,727,60%,NA,Fall 2017,"$19,088 ",-,147341,172500
Morrison Institute of Technology,"701 Portland Ave, Morrison, Illinois 61270-2959",www.morrisontech.edu/,"2-year, Private not-for-profit",Associate's degree,Rural: Distant,Yes,54,54,67%,6%,Fall 2020,"$24,269 ",-,147396,888000
Wabash Valley College,"2200 College Drive, Mount Carmel, Illinois 62863",https://www.iecc.edu/wvc,"2-year, Public",Less than one year certificate|One but less than two years certificate|Associate's degree,Town: Distant,No,906,906,59%,36%,Fall 2020,"$10,301 ",-,403487,174226
University of Saint Mary of the Lake,"1000 E Maple Ave, Mundelein, Illinois 60060-1174",https://usml.edu/,"4-year, Private not-for-profit",Master's degree|Post-master's certificate|Doctor's degree,Suburb: Large,Yes,203,,NA,NA,Fall 2017,NA,-,148885,176500
North Central College,"30 N Brainard St, Naperville, Illinois 60540",northcentralcollege.edu/,"4-year, Private not-for-profit",Bachelor's degree|Postbaccalaureate certificate|Master's degree|Doctor's degree - professional practice,City: Midsize,Yes,2856,2397,71%,NA,Fall 2017,"$24,190 ",-,147660,173400
Capri Beauty College,"1938 E Lincoln Hwy, New Lenox, Illinois 60451",capri.edu/,"< 2-year, Private for-profit",Less than one year certificate|One but less than two years certificate,Suburb: Large,No,84,84,81%,NA,2020-21,"$15,765 ","Cosmetology/Cosmetologist, General",457031,1308801
Cosmetology Concepts Niles,"8057 N. Milwaukee Avenue, Niles, Illinois 60714",johnnamicoschoolofhairdesign.com/,"< 2-year, Private for-profit",One but less than two years certificate,Suburb: Large,No,55,55,57%,NA,2020-21,"$6,142 ","Cosmetology/Cosmetologist, General",147642,2556600
Rosel School of Cosmetology,"307 Golf Mill Center, Niles, Illinois 60714",www.roselschool.org/,"< 2-year, Private for-profit",Less than one year certificate|One but less than two years certificate,Suburb: Large,No,14,14,94%,NA,2020-21,"$7,356 ","Cosmetology/Cosmetologist, General",369446,3082900
Heartland Community College,"1500 West Raab Road, Normal, Illinois 61761-9446",https://www.heartland.edu/,"2-year, Public",Less than one year certificate|One but less than two years certificate|Associate's degree,Suburb: Midsize,No,4795,4795,52%,15%,Fall 2020,"$11,099 ",-,384342,3083800
Illinois State University,"North and School Streets, Normal, Illinois 61790-1000",illinoisstate.edu/,"4-year, Public",Bachelor's degree|Postbaccalaureate certificate|Master's degree|Post-master's certificate|Doctor's degree - research/scholarship|Doctor's degree - professional practice,Suburb: Midsize,Yes,20989,18450,66%,NA,Fall 2017,"$20,871 ",-,145813,169200
Paul Mitchell the School-Normal,"1503 E College Ave Ste L, Normal, Illinois 61761",paulmitchell.edu/normal,"< 2-year, Private for-profit",Less than one year certificate|One but less than two years certificate,Suburb: Midsize,No,79,79,79%,NA,2020-21,"$15,405 ","Cosmetology/Cosmetologist, General",457545,4160600
Tricoci University of Beauty Culture-Normal,"755 West Raab Road, Normal, Illinois 61761-4107",https://www.tricociuniversity.edu/,"< 2-year, Private for-profit",Less than one year certificate|One but less than two years certificate,Suburb: Midsize,No,92,92,72%,NA,2020-21,"$18,607 ",Aesthetician/Esthetician and Skin Care Specialist,495730,4147401
Rosalind Franklin University of Medicine and Science,"3333 Green Bay Road, North Chicago, Illinois 60064-3095",www.rosalindfranklin.edu/,"4-year, Private not-for-profit",Postbaccalaureate certificate|Master's degree|Doctor's degree - research/scholarship|Doctor's degree - professional practice,Suburb: Large,Yes,1949,,NA,NA,Fall 2017,NA,-,145558,165900
Verve College,"2625 Butterfield Rd, Ste 102E, Oak Brook, Illinois 60523",www.vervecollege.edu/,"< 2-year, Private for-profit",One but less than two years certificate,Suburb: Large,No,257,257,NA,NA,2020-21,NA,Licensed Practical/Vocational Nurse Training,481085,4179100
Capri Beauty College,"15815 Rob Roy Dr, Oak Forest, Illinois 60452",capri.edu/,"< 2-year, Private for-profit",Less than one year certificate|One but less than two years certificate,Suburb: Large,No,32,32,86%,NA,2020-21,"$11,216 ","Cosmetology/Cosmetologist, General",143552,1308800
John Amico School of Hair Design,"15301 South Cicero Avenue, Oak Forest, Illinois 60452-2501",https://www.johnamicoschoolofhairdesign.com/,"< 2-year, Private for-profit",Less than one year certificate|One but less than two years certificate,Suburb: Large,No,175,175,52%,NA,2020-21,"$14,743 ","Cosmetology/Cosmetologist, General",401764,4187400
Cameo Beauty Academy,"9714 S Cicero Ave., Oak Lawn, Illinois 60453",www.cameobeautyacademy.com/,"< 2-year, Private for-profit",Less than one year certificate|One but less than two years certificate,Suburb: Large,No,87,87,22%,NA,2020-21,"$16,041 ","Cosmetology/Cosmetologist, General",143464,3078400
Northwestern College,"9400 S Cicero Ave., Oak Lawn, Illinois 60453",www.nc.edu/,"4-year, primarily associate's, Private for-profit",Less than one year certificate|One but less than two years certificate|Associate's degree|Bachelor's degree,Suburb: Large,No,464,464,34%,NA,Fall 2017,"$24,988 ",-,260992,1236200
G Skin & Beauty Institute,"1200 Harger Road, Suite 100, Oakbrook, Illinois 60523",www.gskinbeautyinstitute.edu/,"< 2-year, Private for-profit",Less than one year certificate|One but less than two years certificate,Suburb: Large,No,436,436,82%,NA,2020-21,"$24,532 ",Aesthetician/Esthetician and Skin Care Specialist,407090,2498200
Illinois Valley Community College,"815 N Orlando Smith Road, Oglesby, Illinois 61348-9692",https://www.ivcc.edu/,"2-year, Public",Less than one year certificate|One but less than two years certificate|Associate's degree|Two but less than 4 years certificate,Town: Distant,No,2594,2594,45%,18%,Fall 2020,"$7,493 ",-,145831,170500
Olney Central College,"305 N West Street, Olney, Illinois 62450",https://www.iecc.edu/occ,"2-year, Public",Less than one year certificate|One but less than two years certificate|Associate's degree,Town: Remote,No,880,880,62%,6%,Fall 2020,"$10,409 ",-,145707,174200
Hair Professionals School of Cosmetology,"5460 U.S. Highway 34, Oswego, Illinois 60543",hairpros.edu/,"< 2-year, Private for-profit",Less than one year certificate|One but less than two years certificate,Suburb: Large,No,121,121,71%,NA,2020-21,"$21,276 ","Cosmetology/Cosmetologist, General",145433,2262100
William Rainey Harper College,"1200 W Algonquin Rd, Palatine, Illinois 60067-7398",https://www.harpercollege.edu/index.php,"2-year, Public",Less than one year certificate|One but less than two years certificate|Associate's degree,Suburb: Large,No,13069,13069,46%,18%,Fall 2020,"$6,608 ",-,149842,396100
Trinity Christian College,"6601 W College Dr, Palos Heights, Illinois 60463-0929",www.trnty.edu/,"4-year, Private not-for-profit",Bachelor's degree|Master's degree|Post-master's certificate,Suburb: Large,Yes,883,827,64%,NA,Fall 2017,"$17,218 ",-,149505,177100
Hair Professionals Career College,"10321 S Roberts Rd, Palos Hills, Illinois 60465",hairpros.edu/,"< 2-year, Private for-profit",Less than one year certificate|One but less than two years certificate,Suburb: Large,No,80,80,75%,NA,2020-21,"$19,137 ","Cosmetology/Cosmetologist, General",367981,2587700
Moraine Valley Community College,"9000 W. College Parkway, Palos Hills, Illinois 60465-0937",www.morainevalley.edu/,"2-year, Public",Less than one year certificate|One but less than two years certificate|Associate's degree,Suburb: Large,No,11144,11144,33%,23%,Fall 2020,"$1,704 ",-,147378,769200
Americare Technical School,"505 Busse Highway, Park Ridge, Illinois 60068-3143",https://www.americaretech.com/,"< 2-year, Private for-profit",One but less than two years certificate,Suburb: Large,No,28,28,NA,NA,2020-21,"$44,387 ",-,492023,4244600
Bradley University,"1501 W BRADLEY AVE, Peoria, Illinois 61625-0001",www.bradley.edu/,"4-year, Private not-for-profit",Bachelor's degree|Postbaccalaureate certificate|Master's degree|Post-master's certificate|Doctor's degree - professional practice,City: Midsize,Yes,5217,3883,72%,NA,Fall 2017,"$24,703 ",-,143358,164100
Methodist College,"7600 N. Academic Drive, Peoria, Illinois 61615",www.methodistcol.edu/,"4-year, Private not-for-profit",Less than one year certificate|One but less than two years certificate|Bachelor's degree|Master's degree|Post-master's certificate,City: Midsize,Yes,391,374,75%,NA,Fall 2017,"$35,461 ",-,147129,622800
Saint Francis Medical Center College of Nursing,"511 NE Greenleaf St, Peoria, Illinois 61603-3783",www.sfmccon.edu/,"4-year, Private not-for-profit",Bachelor's degree|Master's degree|Post-master's certificate|Doctor's degree,City: Midsize,Yes,523,267,NA,NA,Fall 2017,NA,-,148575,624000
Tricoci University of Beauty Culture-Peoria,"602 W Glen Ave, Peoria, Illinois 61614",www.tricociuniversity.edu/,"< 2-year, Private for-profit",Less than one year certificate|One but less than two years certificate,City: Midsize,No,137,137,50%,NA,2020-21,"$19,024 ",Aesthetician/Esthetician and Skin Care Specialist,454999,4147400
Educators of Beauty College of Cosmetology-Peru,"3602 MARQUETTE RD STE 2, PERU, Illinois 61354-1450",www.educatorsofbeauty.com/,"< 2-year, Private for-profit",Less than one year certificate|One but less than two years certificate,Town: Distant,No,60,60,64%,NA,2020-21,"$10,636 ","Cosmetology/Cosmetologist, General",146454,947500
Chicago Professional Center,"16 Piper Ln. Suite 127, Prospect Heights, Illinois 60090",www.chicagoprofessionalcenter.com/,"< 2-year, Private for-profit",Less than one year certificate,Suburb: Large,No,92,92,NA,NA,2020-21,NA,"Heating, Air Conditioning, Ventilation and Refrigeration Maintenance Technology/Technician",492078,4253800
Blessing Rieman College of Nursing and Health Sciences,"3609 North Marx Drive, Quincy, Illinois 62305-7005",www.brcn.edu/,"4-year, Private not-for-profit",Associate's degree|Bachelor's degree|Master's degree|Post-master's certificate,Town: Remote,No,195,185,NA,NA,Fall 2017,NA,-,143297,621400
Gem City College,"700 State St, Quincy, Illinois 62301",www.gemcitycollege.com/,"< 2-year, Private for-profit",Less than one year certificate|One but less than two years certificate,Town: Remote,No,42,42,86%,NA,2020-21,"$11,053 ","Cosmetology/Cosmetologist, General",145309,456000
John Wood Community College,"1301 S 48th Street, Quincy, Illinois 62305-8736",www.jwcc.edu/,"2-year, Public",Less than one year certificate|One but less than two years certificate|Associate's degree,Town: Remote,No,1866,1866,46%,14%,Fall 2020,"$7,504 ",-,146278,1281300
Quincy University,"1800 College Ave, Quincy, Illinois 62301-2699",https://www.quincy.edu/,"4-year, Private not-for-profit",Bachelor's degree|Postbaccalaureate certificate|Master's degree,Town: Remote,Yes,1280,1130,43%,NA,Fall 2017,"$17,424 ",-,148131,174500
Career Center of Southern Illinois,"6137 Beck Rd, Red Bud, Illinois 62278",www.gotoccsi.org/,"< 2-year, Public",Less than one year certificate|One but less than two years certificate,Rural: Distant,No,48,48,68%,21%,2020-21,"$20,488 ",Licensed Practical/Vocational Nurse Training,417442,2117400
Phipps Academy of Barbering,"3732 Sauk Trail Road, Richton Park, Illinois 60471-1404",www.phippsacademy.com/,"< 2-year, Private for-profit",One but less than two years certificate,Suburb: Large,No,26,26,46%,NA,2020-21,"$11,785 ",Barbering/Barber,488396,4254000
Concordia University-Chicago,"7400 Augusta, River Forest, Illinois 60305-1499",www.cuchicago.edu/,"4-year, Private not-for-profit",Less than one year certificate|Associate's degree|Bachelor's degree|Postbaccalaureate certificate|Master's degree|Post-master's certificate|Doctor's degree - research/scholarship,Suburb: Large,Yes,5066,1377,47%,35%,Fall 2017,"$17,767 ",-,144351,166600
Dominican University,"7900 W Division Street, River Forest, Illinois 60305",https://www.dom.edu/,"4-year, Private not-for-profit",Bachelor's degree|Postbaccalaureate certificate|Master's degree|Post-master's certificate|Doctor's degree - research/scholarship,Suburb: Large,Yes,3424,2397,62%,23%,Fall 2017,"$16,969 ",-,148496,175000
Triton College,"2000 5th Ave, River Grove, Illinois 60171-1995",www.triton.edu/,"2-year, Public",Less than one year certificate|One but less than two years certificate|Associate's degree,Suburb: Large,No,9262,9262,29%,19%,Fall 2020,"$5,001 ",-,149532,177300
Lincoln Trail College,"11220 State Hwy 1, Robinson, Illinois 62454",https://www.iecc.edu/ltc,"2-year, Public",Less than one year certificate|One but less than two years certificate|Associate's degree,Rural: Fringe,No,605,605,47%,46%,Fall 2020,"$10,464 ",-,403478,174224
Augustana College,"639 38th St, Rock Island, Illinois 61201-2296",www.augustana.edu/,"4-year, Private not-for-profit",Bachelor's degree|Master's degree,City: Small,Yes,2484,2446,79%,NA,Fall 2017,"$24,695 ",-,143084,163300
Trinity College of Nursing & Health Sciences,"2122 25th Avenue, Rock Island, Illinois 61201-5317",www.trinitycollegeqc.edu/default.aspx,"4-year, Private not-for-profit",Associate's degree|Bachelor's degree|Master's degree,City: Small,No,76,59,NA,NA,Fall 2017,NA,-,146755,622500
Educators of Beauty College of Cosmetology-Rockford,"6943 East State Street, Rockford, Illinois 61108",www.educatorsofbeauty.com/,"< 2-year, Private for-profit",Less than one year certificate|One but less than two years certificate,City: Midsize,No,101,101,63%,NA,2020-21,"$11,687 ","Cosmetology/Cosmetologist, General",260965,825901
Rasmussen University-Illinois,"6000 East State Street, 4th Floor, Rockford, Illinois 61108-2513",https://rasmussen.edu/,"2-year, Private for-profit",Less than one year certificate|One but less than two years certificate|Associate's degree,City: Midsize,No,1332,1332,40%,NA,Fall 2020,"$18,010 ",-,448673,869402
Rock Valley College,"3301 N Mulford Rd, Rockford, Illinois 61114-5699",www.rockvalleycollege.edu/,"2-year, Public",Less than one year certificate|One but less than two years certificate|Associate's degree,City: Midsize,No,5480,5480,40%,17%,Fall 2020,"$8,328 ",-,148380,174700
Rockford University,"5050 E State St, Rockford, Illinois 61108-2311",www.rockford.edu/,"4-year, Private not-for-profit",Bachelor's degree|Master's degree,City: Midsize,Yes,1249,968,38%,24%,Fall 2017,"$24,098 ",-,148405,174800
Saint Anthony College of Nursing,"3301 N. Mulford Road, Rockford, Illinois 61114",https://www.sacn.edu/,"4-year, Private not-for-profit",Bachelor's degree|Master's degree|Post-master's certificate|Doctor's degree,City: Midsize,No,228,152,NA,NA,Fall 2017,NA,-,149028,998700
Stautzenberger College-Rockford Career College,"1130 South Alpine Road Suite 100, Rockford, Illinois 61108-3900",https://www.rockfordcareercollege.edu/,"2-year, Private for-profit",One but less than two years certificate|Associate's degree,City: Midsize,No,733,733,62%,NA,Fall 2020,"$18,695 ",-,494852,486611
Tricoci University of Beauty Culture-Rockford,"5485 E State St, Rockford, Illinois 61108",www.tricociuniversity.edu/,"< 2-year, Private for-profit",Less than one year certificate|One but less than two years certificate,City: Midsize,No,173,173,50%,NA,2020-21,"$16,623 ",Aesthetician/Esthetician and Skin Care Specialist,455008,4147500
Lewis University,"One University Parkway, Romeoville, Illinois 60446-2200",www.lewisu.edu/,"4-year, Private not-for-profit",One but less than two years certificate|Associate's degree|Bachelor's degree|Postbaccalaureate certificate|Master's degree|Post-master's certificate|Doctor's degree - research/scholarship|Doctor's degree - other,Suburb: Large,Yes,6636,3948,63%,22%,Fall 2017,"$19,472 ",-,146612,170700
Rasmussen UniversityRomeoville/Joliet,"1400 West Normantown Road, Romeoville, Illinois 60446-6219",https://www.rasmussen.edu/,"2-year, Private for-profit",Less than one year certificate|One but less than two years certificate|Associate's degree,Suburb: Large,No,,,NA,NA,Fall 2020,NA,-,44867302,869404
G Skin & Beauty Institute,"90 W Hillcrest Blvd Suite 302, Schaumburg, Illinois 60195",gskinbeautyinstitute.edu/,"< 2-year, Private for-profit",Less than one year certificate|One but less than two years certificate,City: Small,No,494,494,76%,NA,2020-21,"$20,316 ",Aesthetician/Esthetician and Skin Care Specialist,145406,2261200
Estelle Medical Academy,"4905 Old Orchard Center, suite 710, Skokie, Illinois 60077",www.estellemedical.edu/,"< 2-year, Private for-profit",Less than one year certificate,City: Small,No,64,64,98%,NA,2020-21,"$9,354 ",-,446251,3881400
Estelle Skin Care and Spa Institute,"10024 Skokie Blvd, #301, Skokie, Illinois 60077-9945",www.estelle.edu/,"< 2-year, Private for-profit",Less than one year certificate,City: Small,No,121,121,100%,NA,2020-21,"$12,421 ",Aesthetician/Esthetician and Skin Care Specialist,461582,4174900
Hebrew Theological College,"7135 N Carpenter Rd, Skokie, Illinois 60077",https://www.htc.edu/,"4-year, Private not-for-profit",Bachelor's degree,City: Small,Yes,197,197,73%,15%,Fall 2017,"$11,197 ",-,145497,168500
Midwest College of Oriental Medicine-Skokie,"8950 Gross Point Rd. Suite 400, Skokie, Illinois 60077",www.acupuncture.edu/,"4-year, Private for-profit",Two but less than 4 years certificate|Master's degree,City: Small,No,39,1,NA,NA,Fall 2017,NA,-,439020,3061201
South Suburban College,"15800 South State Street, South Holland, Illinois 60473-1200",https://www.ssc.edu/,"2-year, Public",Less than one year certificate|One but less than two years certificate|Associate's degree,Suburb: Large,No,3873,3873,24%,29%,Fall 2020,"$4,035 ",-,149365,176900
Capital Area Career Center,"2201 Toronto Rd, Springfield, Illinois 62712-3803",https://caccspringfield.org/,"< 2-year, Public",One but less than two years certificate,Rural: Fringe,No,115,115,NA,NA,2020-21,NA,-,367972,1071000
Lincoln Land Community College,"5250 Shepherd Rd, Springfield, Illinois 62794-9256",www.llcc.edu/,"2-year, Public",Less than one year certificate|One but less than two years certificate|Associate's degree,Rural: Fringe,No,5238,5238,43%,17%,Fall 2020,"$4,478 ",-,146685,717000
Midwest Technical Institute-Illinois,"2731 Farmers Market Road, Springfield, Illinois 62707",www.midwesttech.edu/,"< 2-year, Private for-profit",Less than one year certificate|One but less than two years certificate,City: Midsize,No,1128,1128,74%,NA,2020-21,"$26,815 ",Medical/Clinical Assistant,437556,3368300
St. John's College-Department of Nursing,"729 E. Carpenter St, Springfield, Illinois 62702",https://www.hshs.org/stjohnscollege/,"4-year, Private not-for-profit",Bachelor's degree|Master's degree|Doctor's degree - professional practice,City: Midsize,No,93,76,NA,NA,Fall 2017,NA,-,148593,3098000
University of Illinois Springfield,"One University Plaza, Springfield, Illinois 62703-5407",www.uis.edu/,"4-year, Public",Bachelor's degree|Postbaccalaureate certificate|Master's degree|Post-master's certificate|Doctor's degree - research/scholarship,City: Midsize,Yes,4661,2342,61%,NA,Fall 2017,"$9,241 ",-,148654,933300
University of Spa & Cosmetology Arts,"2913 W White Oaks Dr, Springfield, Illinois 62704",www.uscart.com/,"< 2-year, Private for-profit",Less than one year certificate|One but less than two years certificate,City: Midsize,No,165,165,60%,NA,2020-21,"$16,425 ","Cosmetology/Cosmetologist, General",149550,2124400
Educators of Beauty College of Cosmetology-Sterling,"211 E Third St, Sterling, Illinois 61081-3611",www.educatorsofbeauty.com/,"< 2-year, Private for-profit",Less than one year certificate|One but less than two years certificate,Town: Distant,No,57,57,67%,NA,2020-21,"$12,553 ","Cosmetology/Cosmetologist, General",149204,825900
Empire Beauty School-Stone Park,"3106 West North Avenue, Stone Park, Illinois 60165-1010",www.empire.edu/,"< 2-year, Private for-profit",Less than one year certificate|One but less than two years certificate,Suburb: Large,No,118,118,40%,NA,2020-21,"$16,290 ","Cosmetology/Cosmetologist, General",481748,2079406
Waubonsee Community College,"Rte 47 at Waubonsee Drive, Sugar Grove, Illinois 60554-9454",https://www.waubonsee.edu/,"2-year, Public",Less than one year certificate|One but less than two years certificate|Associate's degree,Rural: Fringe,No,8324,8324,41%,21%,Fall 2020,"$9,011 ",-,149727,693100
Hair Professionals Career College,"2245 Gateway Drive, Sycamore, Illinois 60178",hairpros.edu/,"< 2-year, Private for-profit",Less than one year certificate|One but less than two years certificate,Suburb: Small,No,65,65,NA,NA,2020-21,"$24,703 ","Cosmetology/Cosmetologist, General",145424,2332200
Fox College,"18020 Oak Park Avenue, Tinley Park, Illinois 60477",www.foxcollege.edu/,"2-year, Private for-profit",Associate's degree,Suburb: Large,No,239,239,44%,NA,Fall 2020,"$9,758 ",-,145239,2522800
Paul Mitchell the School-Tinley Park,"18454 West Creek Drive, Tinley Park, Illinois 60477-6273",paulmitchell.edu/bradley,"< 2-year, Private for-profit",Less than one year certificate|One but less than two years certificate,Suburb: Large,No,253,253,62%,NA,2020-21,"$13,893 ","Cosmetology/Cosmetologist, General",143376,3065300
Shawnee Community College,"8364 Shawnee College Rd, Ullin, Illinois 62992",https://shawneecc.edu/,"2-year, Public",Less than one year certificate|One but less than two years certificate|Associate's degree,Rural: Distant,No,1142,1142,44%,14%,Fall 2020,"$5,614 ",-,148821,769300
Governors State University,"1 University Pky, University Park, Illinois 60484",www.govst.edu/,"4-year, Public",Bachelor's degree|Postbaccalaureate certificate|Master's degree|Post-master's certificate|Doctor's degree - research/scholarship|Doctor's degree - professional practice|Doctor's degree - other,Suburb: Large,Yes,4337,2536,20%,39%,Fall 2017,"$10,833 ",-,145336,914500
Tricoci University of Beauty Culture,"202 East  University Avenue, Urbana, Illinois 61801",www.tricociuniversity.edu/,"< 2-year, Private for-profit",Less than one year certificate|One but less than two years certificate,City: Small,No,171,171,NA,NA,2020-21,"$13,786 ","Cosmetology/Cosmetologist, General",144573,2317300
Urbana Theological Seminary,"314 East Daniel Street, Urbana, Illinois 61820",https://www.urbanatheologicalseminary.org/,"4-year, Private not-for-profit",Master's degree,City: Small,No,,,NA,NA,Fall 2017,NA,-,456171,
Empire Beauty School-Vernon Hills,"226 Hawthorn Village Commons, Vernon Hills, Illinois 60061-1519",www.empire.edu/,"< 2-year, Private for-profit",Less than one year certificate|One but less than two years certificate,Suburb: Large,No,57,57,60%,NA,2020-21,"$15,251 ","Cosmetology/Cosmetologist, General",481739,2079405
Cannella School of Hair Design-Villa Park,"617 W. NORTH, Villa Park, Illinois 60181",cannellaschool.com/,"< 2-year, Private for-profit",One but less than two years certificate,Suburb: Large,No,43,43,71%,NA,2020-21,"$6,989 ","Cosmetology/Cosmetologist, General",143473,2202600
Creative Touch Cosmetology School,"234 East 3rd Street, Waterloo, Illinois 62298-1609",https://www.creativetouch.edu/,"< 2-year, Private for-profit",One but less than two years certificate,Town: Fringe,No,21,21,45%,NA,2020-21,"$10,724 ","Cosmetology/Cosmetologist, General",483911,4225300
Wheaton College,"501 College Ave, Wheaton, Illinois 60187-5593",www.wheaton.edu/,"4-year, Private not-for-profit",Bachelor's degree|Postbaccalaureate certificate|Master's degree|Doctor's degree - research/scholarship|Doctor's degree - professional practice,Suburb: Large,Yes,2799,2119,87%,11%,Fall 2017,"$31,346 ",-,149781,178100
Worsham College of Mortuary Science,"495 Northgate Pkwy, Wheeling, Illinois 60090-2646",www.worsham.edu/,"2-year, Private for-profit",One but less than two years certificate|Associate's degree,Suburb: Large,No,187,187,69%,15%,Fall 2020,"$23,925 ",-,369455,178300
ETI School of Skilled Trades,"500 Joliet Road, Suite#100, Willowbrook, Illinois 60527",www.eticampus.edu/,"< 2-year, Private for-profit",One but less than two years certificate,Suburb: Large,No,363,363,78%,NA,2020-21,"$27,351 ","Heating, Air Conditioning, Ventilation and Refrigeration Maintenance Technology/Technician",244613,2556100
,* Cohort Year represents the year for which students began their studies and applies to Graduation and Transfer Out Rates.,,,,,,,,,,,,,,
,"** Net Price is Average Net Price for 2022-2023 generated for full-time beginning undergraduate students who were awarded grant or scholarship aid from federal, state or local governments, or the institution. For public institutions only students paying the in-state or in-district rate are included.  For institutions that charge students by program, net price is generated for the institutions largest program.",,,,,,,,,,,,,,
,"NA (Not applicable) - Graduation rate, transfer-out rate and the net price are not applicable to institutions that do not have full-time, first-time degree-seeking undergraduate students in the applicable cohort year or the financial aid year.",,,,,,,,,,,,,,
